osm_id,ungreen_factor
103,0.899327
104,0.943272
105,0.959279
106,0.990454
107,0.990862
108,0.997704
110,0.834462
112,0.827908
113,0.238843
